<?xml version="1.0" encoding="UTF-8"?>
<project-private xmlns="http://www.netbeans.org/ns/project-private/1">
    <editor-bookmarks xmlns="http://www.netbeans.org/ns/editor-bookmarks/2" lastBookmarkId="0"/>
    <open-files xmlns="http://www.netbeans.org/ns/projectui-open-files/2">
        <group>
            <file>file:/D:/coder/coder-fpt/JAVA/LAB/26-ps21346-nguyenhoangphuc-lab8/src/pkg26/ps21346/nguyenhoangphuc/lab8/tamGiac.java</file>
            <file>file:/D:/coder/coder-fpt/JAVA/LAB/26-ps21346-nguyenhoangphuc-lab8/src/pkg26/ps21346/nguyenhoangphuc/lab8/Ps21346NguyenhoangphucLab8.java</file>
            <file>file:/D:/coder/coder-fpt/JAVA/LAB/26-ps21346-nguyenhoangphuc-lab8/src/pkg26/ps21346/nguyenhoangphuc/lab8/xpoly.java</file>
        </group>
    </open-files>
</project-private>
